Rank,Model,MAE,RMSE,R²
1,Gradient Boosting,2.621687123338554,3.8691425911091906,0.7263925125661344
2,Random Forest,2.6865782478680686,3.9226926777291404,0.718766483654489
3,Ridge Regression,3.194689046781258,4.390664614031028,0.6476623640883116
4,Baseline 3: Roll5,4.7551963769648244,6.391307359386898,0.25341731366466036
5,Baseline 2: Roll3,4.906700500458168,6.618090325423307,0.19949529674825905
6,Baseline 1: Last Week,5.605142736307887,7.856966560679204,-0.12825772829690485
